	FIPS104	DEPT_NAME	DEPTCO	MIGCO2	MUNICO	MUNI_NAME	MATCH_QUAL	MPIO	MPIOS
0	CO17	La Guajira	44	44	317	Uribia	100.0	847	44847
1	CO17	La Guajira	44	44	315	Manaure	100.0	560	44560
2	CO17	La Guajira	44	44	314	Maicao	100.0	430	44430
3	CO17	La Guajira	44	44	311	Riohacha	100.0	001	44001
4	CO17	La Guajira	44	44	311	Dibulla	100.0	090	44090
5	CO38	Magdalena	47	47	319	Santa Marta	100.0	001	47001
6	CO17	La Guajira	44	44	312	Hatonuevo	100.0	378	44378
7	CO17	La Guajira	44	44	312	Barrancas	100.0	078	44078
8	CO38	Magdalena	47	47	322	Ciénaga	91.0	189	47189
9	CO04	Atlántico	08	08	073	Barranquilla	100.0	001	08001
10	CO38	Magdalena	47	47	328	Sitionuevo	100.0	745	47745
11	CO04	Atlántico	08	08	077	Puerto Colombia	100.0	573	08573
12	CO17	La Guajira	44	44	313	Distracción	94.0	098	44098
13	CO17	La Guajira	44	44	313	Fonseca	100.0	279	44279
14	CO17	La Guajira	44	44	316	San Juan del Cesar	100.0	650	44650
15	CO38	Magdalena	47	47	328	Puebloviejo	100.0	570	47570
16	CO04	Atlántico	08	08	081	Tubará	90.0	832	08832
17	CO04	Atlántico	08	08	081	Galapa	100.0	296	08296
18	CO04	Atlántico	08	08	080	Soledad	100.0	758	08758
19	CO04	Atlántico	08	08	076	Malambo	100.0	433	08433
20	CO04	Atlántico	08	08	082	Juan de Acosta	100.0	372	08372
21	CO10	Cesar	20	20	201	Valledupar	100.0	001	20001
22	CO38	Magdalena	47	47	320	Aracataca	100.0	053	47053
23	CO04	Atlántico	08	08	074	Baranoa	100.0	078	08078
24	CO04	Atlántico	08	08	083	Sabanagrande	100.0	634	08634
25	CO04	Atlántico	08	08	083	Polonuevo	100.0	558	08558
26	CO04	Atlántico	08	08	082	Piojo	100.0	549	08549
27	CO04	Atlántico	08	08	082	Usiacurí	92.0	849	08849
28	CO35	Bolívar	13	13	107	Santa Catalina	100.0	673	13673
29	CO04	Atlántico	08	08	079	Santo Tomas	100.0	685	08685
30	CO04	Atlántico	08	08	084	Palmar de Varela	100.0	520	08520
31	CO38	Magdalena	47	47	320	El Retén	92.0	268	47268
32	CO38	Magdalena	47	47	329	Remolino	100.0	605	47605
33	CO04	Atlántico	08	08	078	Sabanalarga	100.0	638	08638
34	CO04	Atlántico	08	08	084	Ponedera	100.0	560	08560
35	CO04	Atlántico	08	08	087	Luruaco	100.0	421	08421
36	CO35	Bolívar	13	13	089	Cartagena	100.0	001	13001
37	CO10	Cesar	20	20	201	Pueblo Bello	100.0	570	20570
38	CO38	Magdalena	47	47	325	Pivijay	100.0	551	47551
39	CO17	La Guajira	44	44	318	Villanueva	100.0	874	44874
40	CO17	La Guajira	44	44	318	El Molino	100.0	110	44110
41	CO38	Magdalena	47	47	324	Fundación	93.0	288	47288
42	CO35	Bolívar	13	13	107	Clemencia	100.0	222	13222
43	CO04	Atlántico	08	08	087	Repelón	91.0	606	08606
44	CO38	Magdalena	47	47	329	Salamina	100.0	675	47675
45	CO04	Atlántico	08	08	085	Candelaria	100.0	141	08141
46	CO17	La Guajira	44	44	318	Urumita	100.0	855	44855
47	CO04	Atlántico	08	08	085	Manatí	90.0	436	08436
48	CO35	Bolívar	13	13	107	Santa Rosa	100.0	683	13683
49	CO35	Bolívar	13	13	108	Villanueva	100.0	873	13873
50	CO38	Magdalena	47	47	329	El Piñón	85.0	258	47258
51	CO04	Atlántico	08	08	075	Campo de la Cruz	100.0	137	08137
52	CO10	Cesar	20	20	210	La Paz	100.0	621	20621
53	CO35	Bolívar	13	13	108	San Estanislao	100.0	647	13647
54	CO10	Cesar	20	20	210	Manaure	100.0	443	20443
55	CO35	Bolívar	13	13	109	Soplaviento	100.0	760	13760
56	CO35	Bolívar	13	13	109	San Cristóbal	95.0	620	13620
57	CO35	Bolívar	13	13	106	Turbaco	100.0	836	13836
58	CO10	Cesar	20	20	208	El Copey	100.0	238	20238
59	CO04	Atlántico	08	08	086	Santa Lucía	94.0	675	08675
60	CO38	Magdalena	47	47	330	Cerro San Antonio	100.0	161	47161
61	CO35	Bolívar	13	13	092	Calamar	100.0	140	13140
62	CO10	Cesar	20	20	210	San Diego	100.0	750	20750
63	CO04	Atlántico	08	08	086	Suán	85.0	770	08770
64	CO35	Bolívar	13	13	091	Arjona	100.0	052	13052
65	CO35	Bolívar	13	13	109	Mahates	100.0	433	13433
66	CO35	Bolívar	13	13	106	Turbana	100.0	838	13838
67	CO38	Magdalena	47	47	330	Pedraza	100.0	541	47541
68	CO38	Magdalena	47	47	331	Chivolo	100.0	170	47170
69	CO10	Cesar	20	20	203	Agustín Codazzi	96.0	013	20013
70	CO35	Bolívar	13	13	092	El Guamo	100.0	248	13248
71	CO27	Sucre	70	70	449	San Onofre	100.0	713	70713
72	CO35	Bolívar	13	13	101	San Juan Nepomuceno	100.0	657	13657
73	CO35	Bolívar	13	13	095	María La Baja	95.0	442	13442
74	CO10	Cesar	20	20	204	Bosconia	100.0	060	20060
75	CO38	Magdalena	47	47	331	Tenerife	100.0	798	47798
76	CO38	Magdalena	47	47	326	Plato	100.0	555	47555
77	CO38	Magdalena	47	47	321	Ariguaní	87.0	058	47058
78	CO10	Cesar	20	20	209	Becerril	100.0	045	20045
79	CO35	Bolívar	13	13	100	San Jacinto	100.0	654	13654
80	CO35	Bolívar	13	13	093	El Carmen de Bolívar	96.0	244	13244
81	CO10	Cesar	20	20	211	El Paso	100.0	250	20250
82	CO35	Bolívar	13	13	110	Zambrano	100.0	894	13894
83	CO38	Magdalena	47	47	327	Santa Ana	100.0	707	47707
84	CO38	Magdalena	47	47	327	Pijiño del Carmen	100.0	545	47545
85	CO27	Sucre	70	70	445	Ovejas	100.0	508	70508
86	CO10	Cesar	20	20	209	La Jagua de Ibirico	100.0	400	20400
87	CO27	Sucre	70	70	445	Chalán	90.0	230	70230
88	CO35	Bolívar	13	13	110	Córdoba	91.0	212	13212
89	CO27	Sucre	70	70	453	Toluviejo	100.0	823	70823
90	CO27	Sucre	70	70	453	Coloso	100.0	204	70204
91	CO10	Cesar	20	20	206	Chiriguaná	94.0	178	20178
92	CO10	Cesar	20	20	211	Astrea	100.0	032	20032
93	CO27	Sucre	70	70	455	San Pedro	100.0	717	70717
94	CO10	Cesar	20	20	205	Chimichagua	100.0	175	20175
95	CO27	Sucre	70	70	454	Los Palmitos	100.0	418	70418
96	CO27	Sucre	70	70	454	Morroa	100.0	473	70473
97	CO38	Magdalena	47	47	332	San Sebastián de Buenavista	97.0	692	47692
98	CO38	Magdalena	47	47	327	San Zenón	93.0	703	47703
99	CO35	Bolívar	13	13	094	Magangué	92.0	430	13430
100	CO27	Sucre	70	70	455	Buenavista	100.0	110	70110
101	CO12	Córdoba	23	23	233	San Antero	100.0	672	23672
102	CO12	Córdoba	23	23	227	San Bernardo del Viento	100.0	675	23675
103	CO27	Sucre	70	70	442	Sincelejo	100.0	001	70001
104	CO35	Bolívar	13	13	105	Talaiga Nuevo	95.0	780	13780
105	CO27	Sucre	70	70	450	San Luis de Sincé	78.0	742	70742
106	CO27	Sucre	70	70	452	Palmito	100.0	523	70523
107	CO27	Sucre	70	70	454	San Juan de Betulia	100.0	702	70702
108	CO10	Cesar	20	20	207	Curumaní	92.0	228	20228
109	CO38	Magdalena	47	47	332	Guamal	100.0	318	47318
110	CO27	Sucre	70	70	443	Corozal	100.0	215	70215
111	CO38	Magdalena	47	47	323	El Banco	100.0	245	47245
112	CO12	Córdoba	23	23	232	Moñitos	100.0	500	23500
113	CO12	Córdoba	23	23	221	Lorica	100.0	417	23417
114	CO12	Córdoba	23	23	233	Purísima	92.0	586	23586
115	CO12	Córdoba	23	23	234	Momil	100.0	464	23464
116	CO35	Bolívar	13	13	096	Mompós	90.0	468	13468
117	CO35	Bolívar	13	13	105	Circuco	91.0	188	13188
118	CO21	Norte Santander	54	54	385	El Carmen	100.0	245	54245
119	CO12	Córdoba	23	23	226	San Andrés de Sotavento	97.0	670	23670
120	CO21	Norte Santander	54	54	385	Convención	94.0	206	54206
121	CO35	Bolívar	13	13	111	San Fernando	100.0	650	13650
122	CO27	Sucre	70	70	446	Sampués	91.0	670	70670
123	CO12	Córdoba	23	23	234	Chimá	88.0	168	23168
124	CO35	Bolívar	13	13	111	Margarita	100.0	440	13440
125	CO27	Sucre	70	70	447	Galeras	100.0	235	70235
126	CO12	Córdoba	23	23	221	Cotorra	100.0	300	23300
127	CO12	Córdoba	23	23	219	Chinú	88.0	182	23182
128	CO21	Norte Santander	54	54	384	Teorama	100.0	800	54800
129	CO12	Córdoba	23	23	232	Puerto Escondido	100.0	574	23574
130	CO21	Norte Santander	54	54	382	Tibú	85.0	810	54810
131	CO27	Sucre	70	70	447	San Benito Abad	100.0	678	70678
132	CO12	Córdoba	23	23	228	San Pelayo	100.0	686	23686
133	CO10	Cesar	20	20	212	Tamalameque	100.0	787	20787
134	CO35	Bolívar	13	13	098	Pinillos	100.0	549	13549
135	CO10	Cesar	20	20	212	Pailitas	100.0	517	20517
136	CO27	Sucre	70	70	451	Sucre	100.0	771	70771
137	CO12	Córdoba	23	23	220	Cienaga de Oro	100.0	189	23189
138	CO35	Bolívar	13	13	102	Hatillo de Loba	100.0	300	13300
139	CO12	Córdoba	23	23	225	Sahagún	91.0	660	23660
140	CO35	Bolívar	13	13	102	El Peñón	85.0	268	13268
141	CO35	Bolívar	13	13	102	San Martín de Loba	96.0	667	13667
142	CO12	Córdoba	23	23	231	Los Córdobas	95.0	419	23419
143	CO12	Córdoba	23	23	218	Cereté	90.0	162	23162
144	CO35	Bolívar	13	13	111	Barranco de Loba	100.0	074	13074
145	CO12	Córdoba	23	23	216	Montería	92.0	001	23001
146	CO27	Sucre	70	70	447	Caimito	100.0	124	70124
147	CO02	Antioquia	05	05	006	Arboletes	100.0	051	05051
148	CO10	Cesar	20	20	213	Pelaya	100.0	550	20550
149	CO27	Sucre	70	70	448	La Unión	92.0	400	70400
150	CO12	Córdoba	23	23	224	San Carlos	100.0	678	23678
151	CO12	Córdoba	23	23	231	Canalete	100.0	090	23090
152	CO21	Norte Santander	54	54	384	El Tarra	100.0	250	54250
153	CO35	Bolívar	13	13	111	Altos de Rosario	96.0	030	13030
154	CO35	Bolívar	13	13	099	Regidor	100.0	580	13580
155	CO02	Antioquia	05	05	006	San Juan de Uraba	100.0	659	05659
156	CO35	Bolívar	13	13	090	Achí	85.0	006	13006
157	CO10	Cesar	20	20	213	La Gloria	100.0	383	20383
158	CO27	Sucre	70	70	444	Majagual	100.0	429	70429
159	CO27	Sucre	70	70	448	San Marcos	100.0	708	70708
160	CO02	Antioquia	05	05	029	Necocli	100.0	490	05490
161	CO35	Bolívar	13	13	099	Rio Viejo	100.0	600	13600
162	CO11	Chocó	27	27	292	Acandí	90.0	006	27006
163	CO35	Bolívar	13	13	098	Tiquisio	100.0	810	13810
164	CO02	Antioquia	05	05	034	San Pedro de Uraba	100.0	665	05665
165	CO12	Córdoba	23	23	224	Pueblo Nuevo	100.0	570	23570
166	CO21	Norte Santander	54	54	386	San Calixto	100.0	670	54670
167	CO12	Córdoba	23	23	223	Planeta Rica	100.0	555	23555
168	CO27	Sucre	70	70	444	Guaranda	100.0	265	70265
169	CO10	Cesar	20	20	202	Aguachica	100.0	011	20011
170	CO12	Córdoba	23	23	217	Ayapel	100.0	068	23068
171	CO21	Norte Santander	54	54	386	Hacarí	90.0	344	54344
172	CO10	Cesar	20	20	213	Gamarra	100.0	295	20295
173	CO35	Bolívar	13	13	097	Morales	100.0	473	13473
174	CO35	Bolívar	13	13	090	Montecristo	100.0	458	13458
175	CO10	Cesar	20	20	214	González	92.0	310	20310
176	CO21	Norte Santander	54	54	381	Sardinata	100.0	720	54720
177	CO02	Antioquia	05	05	041	Turbo	100.0	837	05837
178	CO12	Córdoba	23	23	230	Valencia	100.0	855	23855
179	CO21	Norte Santander	54	54	376	Cúcuta	90.0	001	54001
180	CO21	Norte Santander	54	54	379	Ocaña	100.0	498	54498
181	CO35	Bolívar	13	13	090	San Jacinto del Cauca	100.0	655	13655
182	CO21	Norte Santander	54	54	376	Puerto Santander	100.0	553	54553
183	CO11	Chocó	27	27	292	Unguía	90.0	800	27800
184	CO12	Córdoba	23	23	224	Buenavista	100.0	079	23079
185	CO12	Córdoba	23	23	229	Tierralta	100.0	807	23807
186	CO21	Norte Santander	54	54	386	La Playa	100.0	398	54398
187	CO10	Cesar	20	20	214	Río de Oro	94.0	614	20614
188	CO35	Bolívar	13	13	097	Arenal	100.0	042	13042
189	CO21	Norte Santander	54	54	390	El Zulia	100.0	261	54261
190	CO21	Norte Santander	54	54	377	Abrego	100.0	003	54003
191	CO02	Antioquia	05	05	018	Nechi	100.0	495	05495
192	CO21	Norte Santander	54	54	388	Bucarasica	100.0	109	54109
193	CO12	Córdoba	23	23	222	Montelíbano	94.0	466	23466
194	CO02	Antioquia	05	05	018	El Bagre	100.0	250	05250
195	CO35	Bolívar	13	13	103	Simití	90.0	744	13744
196	CO12	Córdoba	23	23	222	La Apartada	100.0	350	23350
197	CO26	Santander	68	68	417	Puerto Wilches	100.0	575	68575
198	CO35	Bolívar	13	13	104	Santa Rosa del Sur	100.0	688	13688
199	CO10	Cesar	20	20	215	San Martín	94.0	770	20770
200	CO21	Norte Santander	54	54	388	Villa Caro	100.0	871	54871
201	CO02	Antioquia	05	05	005	Apartado	100.0	045	05045
202	CO02	Antioquia	05	05	013	Caucasia	100.0	154	05154
203	CO10	Cesar	20	20	215	San Alberto	100.0	710	20710
204	CO21	Norte Santander	54	54	388	Lourdes	100.0	418	54418
205	CO21	Norte Santander	54	54	388	Gramalote	100.0	313	54313
206	CO02	Antioquia	05	05	045	Cáceres	91.0	120	05120
207	CO12	Córdoba	23	23	222	Puerto Libertador	100.0	580	23580
208	CO21	Norte Santander	54	54	390	Santiago	100.0	680	54680
209	CO21	Norte Santander	54	54	390	San Cayetano	100.0	673	54673
210	CO11	Chocó	27	27	286	Riosucio	100.0	615	27615
211	CO02	Antioquia	05	05	011	Carepa	100.0	147	05147
212	CO21	Norte Santander	54	54	389	Salazar	100.0	660	54660
213	CO21	Norte Santander	54	54	383	Villa del Rosario	100.0	874	54874
214	CO21	Norte Santander	54	54	387	Cáchira	91.0	128	54128
215	CO21	Norte Santander	54	54	391	Durania	100.0	239	54239
216	CO21	Norte Santander	54	54	378	Los Patios	100.0	405	54405
217	CO21	Norte Santander	54	54	377	La Esperanza	100.0	385	54385
218	CO02	Antioquia	05	05	014	Chigorodo	100.0	172	05172
219	CO02	Antioquia	05	05	046	Tarazá	90.0	790	05790
220	CO21	Norte Santander	54	54	391	Bochalema	100.0	099	54099
221	CO26	Santander	68	68	418	Rionegro	100.0	615	68615
222	CO21	Norte Santander	54	54	389	Arboledas	100.0	051	54051
223	CO02	Antioquia	05	05	044	Zaragoza	100.0	895	05895
224	CO26	Santander	68	68	424	Sabana de Torres	100.0	655	68655
225	CO21	Norte Santander	54	54	392	Chinácota	93.0	172	54172
226	CO21	Norte Santander	54	54	392	Ragonvalia	100.0	599	54599
227	CO26	Santander	68	68	423	Suratá	90.0	780	68780
228	CO21	Norte Santander	54	54	391	Cucutilla	100.0	223	54223
229	CO26	Santander	68	68	423	El Playón	93.0	255	68255
230	CO21	Norte Santander	54	54	391	Pamplonita	100.0	520	54520
231	CO21	Norte Santander	54	54	392	Herrán	90.0	347	54347
232	CO35	Bolívar	13	13	103	San Pablo	100.0	670	13670
233	CO26	Santander	68	68	425	California	100.0	132	68132
234	CO11	Chocó	27	27	293	Juradó	90.0	372	27372
235	CO02	Antioquia	05	05	039	Segovia	100.0	736	05736
236	CO26	Santander	68	68	425	Vetas	100.0	867	68867
237	CO21	Norte Santander	54	54	393	Toledo	100.0	820	54820
238	CO26	Santander	68	68	423	Matanza	100.0	444	68444
239	CO35	Bolívar	13	13	103	Cantagallo	100.0	160	13160
240	CO21	Norte Santander	54	54	380	Pamplona	100.0	518	54518
241	CO02	Antioquia	05	05	045	Anorí	88.0	040	05040
242	CO02	Antioquia	05	05	046	Valdivia	100.0	854	05854
243	CO02	Antioquia	05	05	025	Ituango	100.0	361	05361
244	CO26	Santander	68	68	424	Lebrija	100.0	406	68406
245	CO21	Norte Santander	54	54	393	Labateca	100.0	377	54377
246	CO21	Norte Santander	54	54	394	Mutiscua	100.0	480	54480
247	CO26	Santander	68	68	425	Charta	100.0	169	68169
248	CO21	Norte Santander	54	54	394	Cácota	90.0	125	54125
249	CO21	Norte Santander	54	54	394	Silos	100.0	743	54743
250	CO02	Antioquia	05	05	055	Amalfi	100.0	031	05031
251	CO02	Antioquia	05	05	055	Yondó	88.0	893	05893
252	CO26	Santander	68	68	415	Girón	88.0	307	68307
253	CO02	Antioquia	05	05	055	Remedios	100.0	604	05604
254	CO26	Santander	68	68	425	Tona	100.0	820	68820
255	CO02	Antioquia	05	05	043	Yarumal	100.0	887	05887
256	CO21	Norte Santander	54	54	394	Chitagá	91.0	174	54174
257	CO26	Santander	68	68	411	Bucaramanga	100.0	001	68001
258	CO26	Santander	68	68	412	Barrancabermeja	100.0	081	68081
259	CO02	Antioquia	05	05	048	Briceño	100.0	107	05107
260	CO02	Antioquia	05	05	049	Peque	100.0	543	05543
261	CO02	Antioquia	05	05	017	Dabeiba	100.0	234	05234
262	CO02	Antioquia	05	05	047	Campamento	100.0	134	05134
263	CO26	Santander	68	68	420	San Vicente de Chucurí	97.0	689	68689
264	CO26	Santander	68	68	414	Floridablanca	100.0	276	68276
265	CO26	Santander	68	68	426	Betulia	100.0	092	68092
266	CO26	Santander	68	68	416	Piedecuesta	100.0	547	68547
267	CO02	Antioquia	05	05	048	Toledo	100.0	819	05819
268	CO03	Arauca	81	81	512	Arauca	100.0	001	81001
269	CO26	Santander	68	68	425	Santa Bárbara	95.0	705	68705
270	CO02	Antioquia	05	05	049	Sabanalarga	100.0	628	05628
271	CO03	Arauca	81	81	514	Saravena	100.0	736	81736
272	CO03	Arauca	81	81	513	Arauquita	100.0	065	81065
273	CO26	Santander	68	68	425	Guaca	100.0	318	68318
274	CO02	Antioquia	05	05	050	Uramita	100.0	842	05842
275	CO36	Boyacá	15	15	119	Cubará	90.0	223	15223
276	CO02	Antioquia	05	05	021	Murindo	100.0	475	05475
277	CO02	Antioquia	05	05	048	San Andres	100.0	647	05647
278	CO02	Antioquia	05	05	050	Cañasgordas	100.0	138	05138
279	CO26	Santander	68	68	425	Cerrito	100.0	162	68162
280	CO26	Santander	68	68	426	Zapatoca	100.0	895	68895
281	CO02	Antioquia	05	05	049	Buriticá	92.0	113	05113
282	CO02	Antioquia	05	05	056	Vegachí	91.0	858	05858
283	CO02	Antioquia	05	05	047	Angostura	100.0	038	05038
284	CO02	Antioquia	05	05	057	Guadalupe	100.0	315	05315
285	CO26	Santander	68	68	433	Simacota	100.0	745	68745
286	CO26	Santander	68	68	440	San Andres	100.0	669	68669
287	CO02	Antioquia	05	05	021	Frontino	100.0	284	05284
288	CO02	Antioquia	05	05	052	San José de la Montaña	94.0	658	05658
289	CO02	Antioquia	05	05	057	Gomez Plata	100.0	310	05310
290	CO26	Santander	68	68	427	Concepción	94.0	207	68207
291	CO26	Santander	68	68	426	Los Santos	100.0	418	68418
292	CO11	Chocó	27	27	293	Bojayá	90.0	099	27099
293	CO26	Santander	68	68	433	El Carmen de Chucuri	100.0	235	68235
294	CO02	Antioquia	05	05	037	Santa Rosa de Osos	100.0	686	05686
295	CO26	Santander	68	68	433	Puerto Parra	100.0	573	68573
296	CO03	Arauca	81	81	513	Fortul	100.0	300	81300
297	CO02	Antioquia	05	05	021	Vigia del Fuerte	100.0	873	05873
298	CO36	Boyacá	15	15	119	Chiscas	100.0	180	15180
299	CO02	Antioquia	05	05	057	Carolina	100.0	150	05150
300	CO02	Antioquia	05	05	056	Yolombó	91.0	890	05890
301	CO26	Santander	68	68	429	Aratoca	100.0	051	68051
302	CO11	Chocó	27	27	293	Bahía Solano	95.0	075	27075
303	CO26	Santander	68	68	429	Cepitá	90.0	160	68160
304	CO02	Antioquia	05	05	052	Liborina	100.0	411	05411
305	CO02	Antioquia	05	05	052	Belmira	100.0	086	05086
306	CO02	Antioquia	05	05	056	Yali	100.0	885	05885
307	CO26	Santander	68	68	431	Galán	88.0	296	68296
308	CO26	Santander	68	68	440	Málaga	90.0	432	68432
309	CO26	Santander	68	68	413	Cimitarra	100.0	190	68190
310	CO26	Santander	68	68	429	Villanueva	100.0	872	68872
311	CO02	Antioquia	05	05	050	Abriaquí	92.0	004	05004
312	CO26	Santander	68	68	427	Carcasi	100.0	152	68152
313	CO02	Antioquia	05	05	030	Puerto Berrio	100.0	579	05579
314	CO26	Santander	68	68	429	Jordán	90.0	370	68370
315	CO36	Boyacá	15	15	119	Guicán	90.0	332	15332
316	CO02	Antioquia	05	05	051	Giraldo	100.0	306	05306
317	CO26	Santander	68	68	431	Barichara	100.0	079	68079
318	CO26	Santander	68	68	428	Enciso	100.0	266	68266
319	CO26	Santander	68	68	428	Molagavita	100.0	468	68468
320	CO03	Arauca	81	81	512	Cravo Norte	100.0	220	81220
321	CO03	Arauca	81	81	515	Tame	100.0	794	81794
322	CO26	Santander	68	68	428	San José de Miranda	96.0	684	68684
323	CO02	Antioquia	05	05	072	Entrerrios	100.0	264	05264
324	CO26	Santander	68	68	429	Curití	90.0	229	68229
325	CO03	Arauca	81	81	515	Puerto Rondón	95.0	591	81591
326	CO02	Antioquia	05	05	052	Olaya	100.0	501	05501
327	CO02	Antioquia	05	05	051	Santafe de Antioquia	100.0	042	05042
328	CO26	Santander	68	68	431	Cabrera	100.0	121	68121
329	CO26	Santander	68	68	419	San Gil	100.0	679	68679
330	CO02	Antioquia	05	05	058	Maceo	100.0	425	05425
331	CO26	Santander	68	68	430	Mogotes	100.0	464	68464
332	CO26	Santander	68	68	431	Hato	100.0	344	68344
333	CO02	Antioquia	05	05	053	Sopetrán	92.0	761	05761
334	CO26	Santander	68	68	428	San Miguel	100.0	686	68686
335	CO02	Antioquia	05	05	042	Urrao	100.0	847	05847
336	CO26	Santander	68	68	427	Capitanejo	100.0	147	68147
337	CO02	Antioquia	05	05	062	Cisneros	100.0	190	05190
338	CO26	Santander	68	68	427	Macaravita	100.0	425	68425
339	CO36	Boyacá	15	15	121	Covarachía	94.0	218	15218
340	CO02	Antioquia	05	05	072	Don Matías	94.0	237	05237
341	CO02	Antioquia	05	05	062	Santo Domingo	100.0	690	05690
342	CO26	Santander	68	68	431	Pinchote	100.0	549	68549
343	CO26	Santander	68	68	431	Palmar	100.0	522	68522
344	CO26	Santander	68	68	430	San Joaquín	94.0	682	68682
345	CO26	Santander	68	68	430	Onzaga	100.0	502	68502
346	CO02	Antioquia	05	05	058	San Roque	100.0	670	05670
347	CO26	Santander	68	68	422	Vélez	88.0	861	68861
348	CO26	Santander	68	68	437	Landazuri	100.0	385	68385
349	CO26	Santander	68	68	421	Socorro	100.0	755	68755
350	CO02	Antioquia	05	05	051	Caicedo	100.0	125	05125
351	CO02	Antioquia	05	05	007	Barbosa	100.0	079	05079
352	CO36	Boyacá	15	15	120	El Espino	100.0	248	15248
353	CO02	Antioquia	05	05	072	San Pedro	100.0	664	05664
354	CO02	Antioquia	05	05	053	San Jerónimo	95.0	656	05656
355	CO26	Santander	68	68	434	Santa Helena del Opón	97.0	720	68720
356	CO26	Santander	68	68	431	Paramo	100.0	533	68533
357	CO36	Boyacá	15	15	120	Guacamayas	100.0	317	15317
358	CO26	Santander	68	68	431	Valle de San José	96.0	855	68855
359	CO36	Boyacá	15	15	120	San Mateo	100.0	673	15673
360	CO26	Santander	68	68	435	Chimá	88.0	176	68176
361	CO36	Boyacá	15	15	120	Panqueba	100.0	522	15522
362	CO36	Boyacá	15	15	121	Tipacoque	100.0	810	15810
363	CO02	Antioquia	05	05	058	Caracolí	92.0	142	05142
364	CO02	Antioquia	05	05	063	Concepción	94.0	206	05206
365	CO02	Antioquia	05	05	022	Girardota	100.0	308	05308
366	CO36	Boyacá	15	15	122	Boavita	100.0	097	15097
367	CO02	Antioquia	05	05	016	Copacabana	100.0	212	05212
368	CO02	Antioquia	05	05	008	Bello	100.0	088	05088
369	CO02	Antioquia	05	05	053	Ebejico	100.0	240	05240
370	CO26	Santander	68	68	435	Palmas del Socorro	100.0	524	68524
371	CO02	Antioquia	05	05	054	Anza	100.0	044	05044
372	CO02	Antioquia	05	05	063	Alejandría	94.0	021	05021
373	CO36	Boyacá	15	15	120	El Cocuy	100.0	244	15244
374	CO02	Antioquia	05	05	063	San Rafael	100.0	667	05667
375	CO26	Santander	68	68	435	Confines	100.0	209	68209
376	CO26	Santander	68	68	431	Ocamonte	100.0	498	68498
377	CO02	Antioquia	05	05	001	Medellín	92.0	001	05001
378	CO02	Antioquia	05	05	035	San Vicente	100.0	674	05674
379	CO26	Santander	68	68	432	Coromoro	100.0	217	68217
380	CO26	Santander	68	68	435	Contratación	95.0	211	68211
381	CO26	Santander	68	68	434	La Paz	100.0	397	68397
382	CO26	Santander	68	68	432	Charalá	91.0	167	68167
383	CO36	Boyacá	15	15	121	Soatá	88.0	753	15753
384	CO26	Santander	68	68	436	Guapota	100.0	322	68322
385	CO02	Antioquia	05	05	064	Peñol	100.0	541	05541
386	CO11	Chocó	27	27	282	Quibdó	90.0	001	27001
387	CO36	Boyacá	15	15	122	La Uvita	100.0	403	15403
388	CO26	Santander	68	68	436	Oiba	100.0	500	68500
389	CO02	Antioquia	05	05	033	San Carlos	100.0	649	05649
390	CO02	Antioquia	05	05	023	Guarne	100.0	318	05318
391	CO26	Santander	68	68	435	El Guacamayo	100.0	245	68245
392	CO31	Vichada	99	99	520	Puerto Carreño	100.0	001	99001
393	CO26	Santander	68	68	435	Guadalupe	100.0	320	68320
394	CO02	Antioquia	05	05	064	Guatape	100.0	321	05321
395	CO02	Antioquia	05	05	054	Betulia	100.0	093	05093
396	CO02	Antioquia	05	05	071	Heliconia	100.0	347	05347
397	CO36	Boyacá	15	15	123	Chita	100.0	183	15183
398	CO36	Boyacá	15	15	124	Susacón	91.0	774	15774
399	CO26	Santander	68	68	437	Bolívar	91.0	101	68101
400	CO02	Antioquia	05	05	059	Puerto Naré (La Magdalena)	80.0	585	05585
401	CO36	Boyacá	15	15	117	Puerto Boyacá	95.0	572	15572
402	CO32	Casanare	85	85	517	Hato Corozal	100.0	125	85125
403	CO02	Antioquia	05	05	028	Marinilla	100.0	440	05440
404	CO02	Antioquia	05	05	071	Armenia	100.0	059	05059
405	CO02	Antioquia	05	05	031	Rionegro	100.0	615	05615
406	CO32	Casanare	85	85	518	La Salina	100.0	136	85136
407	CO02	Antioquia	05	05	065	Granada	100.0	313	05313
408	CO02	Antioquia	05	05	066	Retiro	100.0	607	05607
409	CO26	Santander	68	68	434	Aguada	100.0	013	68013
410	CO02	Antioquia	05	05	024	Itaguí	90.0	360	05360
411	CO02	Antioquia	05	05	019	Envigado	100.0	266	05266
412	CO31	Vichada	99	99	520	La Primavera	100.0	524	99524
413	CO02	Antioquia	05	05	071	Angelópolis	94.0	036	05036
414	CO26	Santander	68	68	432	Encino	100.0	264	68264
415	CO02	Antioquia	05	05	027	La Estrella	100.0	380	05380
416	CO26	Santander	68	68	436	Suaita	100.0	770	68770
417	CO36	Boyacá	15	15	122	Jericó	90.0	368	15368
418	CO26	Santander	68	68	441	El Peñón	85.0	250	68250
419	CO02	Antioquia	05	05	015	Concordia	100.0	209	05209
420	CO02	Antioquia	05	05	032	Sabaneta	100.0	631	05631
421	CO02	Antioquia	05	05	038	Santuario	94.0	697	05697
422	CO36	Boyacá	15	15	124	Sativanorte	100.0	720	15720
423	CO26	Santander	68	68	434	San Benito	100.0	673	68673
424	CO36	Boyacá	15	15	124	Tutaza	100.0	839	15839
425	CO02	Antioquia	05	05	070	Titiribí	92.0	809	05809
426	CO02	Antioquia	05	05	012	Carmen de Viboral	94.0	148	05148
427	CO02	Antioquia	05	05	060	San Luis	100.0	660	05660
428	CO36	Boyacá	15	15	123	Socota	100.0	755	15755
429	CO02	Antioquia	05	05	010	Caldas	100.0	129	05129
430	CO26	Santander	68	68	434	Chipatá	91.0	179	68179
431	CO02	Antioquia	05	05	062	Salgar	100.0	642	05642
432	CO32	Casanare	85	85	518	Sácama	90.0	315	85315
433	CO26	Santander	68	68	441	Sucre	100.0	773	68773
434	CO02	Antioquia	05	05	065	Cocorna	100.0	197	05197
435	CO32	Casanare	85	85	517	Paz de Ariporo	100.0	250	85250
436	CO36	Boyacá	15	15	143	Santana	100.0	686	15686
437	CO02	Antioquia	05	05	003	Amagá	88.0	030	05030
438	CO36	Boyacá	15	15	124	Sativasur	100.0	723	15723
439	CO26	Santander	68	68	438	Güepsa	90.0	327	68327
440	CO36	Boyacá	15	15	125	Paz De Río	94.0	537	15537
441	CO02	Antioquia	05	05	026	La Ceja	100.0	376	05376
442	CO11	Chocó	27	27	288	Alto Baudó	94.0	025	27025
443	CO36	Boyacá	15	15	125	Socha	100.0	757	15757
444	CO02	Antioquia	05	05	002	La Unión	92.0	400	05400
445	CO36	Boyacá	15	15	124	Belén	88.0	087	15087
446	CO36	Boyacá	15	15	143	Chitaraque	100.0	185	15185
447	CO36	Boyacá	15	15	143	San José De Pare	96.0	664	15664
448	CO02	Antioquia	05	05	059	Puerto Triunfo	100.0	591	05591
449	CO32	Casanare	85	85	518	Támara	90.0	400	85400
450	CO26	Santander	68	68	432	Gambita	100.0	298	68298
451	CO02	Antioquia	05	05	070	Venecia	100.0	861	05861
452	CO11	Chocó	27	27	288	Nuquí	88.0	495	27495
453	CO26	Santander	68	68	438	Barbosa	100.0	077	68077
454	CO26	Santander	68	68	441	La Belleza	100.0	377	68377
455	CO02	Antioquia	05	05	036	Santa Bárbara	95.0	679	05679
456	CO26	Santander	68	68	439	Guavata	100.0	324	68324
457	CO11	Chocó	27	27	289	El Carmen de Atrato	100.0	245	27245
458	CO36	Boyacá	15	15	128	Cerinza	100.0	162	15162
459	CO36	Boyacá	15	15	116	Paipa	100.0	516	15516
460	CO36	Boyacá	15	15	114	Duitama	100.0	238	15238
461	CO02	Antioquia	05	05	066	Montebello	100.0	467	05467
462	CO02	Antioquia	05	05	020	Fredonia	100.0	282	05282
463	CO36	Boyacá	15	15	128	Santa Rosa de Viterbo	100.0	693	15693
464	CO02	Antioquia	05	05	060	San Francisco	100.0	652	05652
465	CO36	Boyacá	15	15	128	Beteitiva	100.0	092	15092
466	CO36	Boyacá	15	15	143	Togüí	89.0	816	15816
467	CO36	Boyacá	15	15	115	Moniquirá	93.0	469	15469
468	CO02	Antioquia	05	05	069	Tarso	100.0	792	05792
469	CO36	Boyacá	15	15	125	Tasco	100.0	790	15790
470	CO02	Antioquia	05	05	009	Cuidad Bolivar	92.0	101	05101
471	CO26	Santander	68	68	439	Puente Nacional	100.0	572	68572
472	CO02	Antioquia	05	05	002	Abejorral	100.0	002	05002
473	CO02	Antioquia	05	05	040	Sonsón	90.0	756	05756
474	CO26	Santander	68	68	439	Jesus María	94.0	368	68368
475	CO36	Boyacá	15	15	128	Floresta	100.0	276	15276
476	CO36	Boyacá	15	15	147	Otanche	100.0	507	15507
477	CO02	Antioquia	05	05	062	Pueblorrico	100.0	576	05576
478	CO02	Antioquia	05	05	069	Jericó	90.0	368	05368
479	CO26	Santander	68	68	441	Florián	91.0	271	68271
480	CO26	Santander	68	68	439	Albania	100.0	020	68020
481	CO36	Boyacá	15	15	127	Corrales	100.0	215	15215
482	CO36	Boyacá	15	15	131	Sotaquirá	93.0	763	15763
483	CO36	Boyacá	15	15	127	Busbanza	100.0	114	15114
484	CO36	Boyacá	15	15	126	Pisba	100.0	550	15550
485	CO02	Antioquia	05	05	036	La Pintada	100.0	390	05390
486	CO36	Boyacá	15	15	142	Arcabuco	100.0	051	15051
487	CO33	Cundinamarca	25	25	250	Yacopí	90.0	885	25885
488	CO36	Boyacá	15	15	127	Gámeza	90.0	296	15296
489	CO32	Casanare	85	85	518	Pore	100.0	263	85263
490	CO02	Antioquia	05	05	062	Hispania	100.0	353	05353
491	CO36	Boyacá	15	15	126	Paya	100.0	533	15533
492	CO36	Boyacá	15	15	146	Pauna	100.0	531	15531
493	CO02	Antioquia	05	05	068	Támesis	91.0	789	05789
494	CO02	Antioquia	05	05	009	Betania	100.0	091	05091
495	CO36	Boyacá	15	15	142	Gachantivá	94.0	293	15293
496	CO36	Boyacá	15	15	131	Cómbita	91.0	204	15204
497	CO36	Boyacá	15	15	129	Nobsa	100.0	491	15491
498	CO36	Boyacá	15	15	129	Tibasosa	100.0	806	15806
499	CO33	Cundinamarca	25	25	250	Puerto Salgar	100.0	572	25572
500	CO36	Boyacá	15	15	142	Santa Sofía	94.0	696	15696
501	CO36	Boyacá	15	15	127	Tópaga	90.0	820	15820
502	CO36	Boyacá	15	15	144	Saboyá	90.0	632	15632
503	CO02	Antioquia	05	05	004	Andes	100.0	034	05034
504	CO02	Antioquia	05	05	061	Argelia	100.0	055	05055
505	CO36	Boyacá	15	15	146	San Pablo de Borbur	100.0	681	15681
506	CO36	Boyacá	15	15	127	Mongua	100.0	464	15464
507	CO36	Boyacá	15	15	118	Sogamoso	100.0	759	15759
508	CO02	Antioquia	05	05	067	Valparaíso	94.0	856	05856
509	CO11	Chocó	27	27	289	Lloró	88.0	413	27413
510	CO37	Caldas	17	17	149	Aguadas	100.0	013	17013
511	CO36	Boyacá	15	15	146	Tununguá	92.0	832	15832
512	CO36	Boyacá	15	15	127	Monguí	90.0	466	15466
513	CO36	Boyacá	15	15	113	Chiquinquirá	95.0	176	15176
514	CO36	Boyacá	15	15	146	Briceño	100.0	106	15106
515	CO36	Boyacá	15	15	132	Tuta	100.0	837	15837
516	CO32	Casanare	85	85	518	Nunchía	91.0	225	85225
517	CO36	Boyacá	15	15	142	Villa de Leyva	100.0	407	15407
518	CO36	Boyacá	15	15	129	Firavitoba	100.0	272	15272
519	CO36	Boyacá	15	15	144	Sutamarchán	94.0	776	15776
520	CO36	Boyacá	15	15	141	Motavita	100.0	476	15476
521	CO02	Antioquia	05	05	068	Jardín	90.0	364	05364
522	CO02	Antioquia	05	05	061	Nariño	100.0	483	05483
523	CO36	Boyacá	15	15	126	Labranzagrande	100.0	377	15377
524	CO36	Boyacá	15	15	141	Chiquiza	100.0	232	15232
525	CO11	Chocó	27	27	289	Bagadó	90.0	073	27073
526	CO36	Boyacá	15	15	145	Maripí	90.0	442	15442
527	CO36	Boyacá	15	15	147	Quípama	91.0	580	15580
528	CO36	Boyacá	15	15	131	Oicatá	90.0	500	15500
529	CO36	Boyacá	15	15	126	Aquitania	100.0	047	15047
530	CO36	Boyacá	15	15	129	Iza	100.0	362	15362
531	CO36	Boyacá	15	15	132	Toca	100.0	814	15814
532	CO36	Boyacá	15	15	141	Sora	100.0	762	15762
533	CO36	Boyacá	15	15	112	Tunja	100.0	001	15001
534	CO36	Boyacá	15	15	144	Tinjacá	91.0	808	15808
535	CO36	Boyacá	15	15	130	Pesca	100.0	542	15542
536	CO36	Boyacá	15	15	132	Chivatá	91.0	187	15187
537	CO36	Boyacá	15	15	145	Caldas	100.0	131	15131
538	CO36	Boyacá	15	15	142	Sáchica	91.0	638	15638
539	CO36	Boyacá	15	15	144	San Miguel de Sema	100.0	676	15676
540	CO02	Antioquia	05	05	067	Caramanta	100.0	145	05145
541	CO36	Boyacá	15	15	145	Muzo	100.0	480	15480
542	CO36	Boyacá	15	15	129	Cuitiva	100.0	226	15226
543	CO37	Caldas	17	17	163	Pácora	90.0	513	17513
544	CO37	Caldas	17	17	162	Victoria	100.0	867	17867
545	CO33	Cundinamarca	25	25	254	Simijaca	100.0	745	25745
546	CO36	Boyacá	15	15	141	Ráquira	91.0	600	15600
547	CO11	Chocó	27	27	283	Bajo Baudó	94.0	077	27077
548	CO36	Boyacá	15	15	141	Cucaita	100.0	224	15224
549	CO32	Casanare	85	85	519	San Luis de Palenque	100.0	325	85325
550	CO36	Boyacá	15	15	130	Tota	100.0	822	15822
551	CO32	Casanare	85	85	516	Yopal	100.0	001	85001
552	CO33	Cundinamarca	25	25	251	Caparrapí	93.0	148	25148
553	CO32	Casanare	85	85	518	Trinidad	100.0	430	85430
554	CO36	Boyacá	15	15	141	Samacá	90.0	646	15646
555	CO31	Vichada	99	99	520	Santa Rosalia	100.0	624	99624
556	CO37	Caldas	17	17	156	Pensilvania	100.0	541	17541
557	CO37	Caldas	17	17	157	Riosucio	100.0	614	17614
558	CO36	Boyacá	15	15	133	Siachoque	100.0	740	15740
559	CO36	Boyacá	15	15	147	La Victoria	100.0	401	15401
560	CO36	Boyacá	15	15	145	Buenavista	100.0	109	15109
561	CO37	Caldas	17	17	160	Marmato	100.0	442	17442
562	CO37	Caldas	17	17	160	Supía	88.0	777	17777
563	CO36	Boyacá	15	15	145	Coper	100.0	212	15212
564	CO36	Boyacá	15	15	133	Soracá	90.0	764	15764
565	CO33	Cundinamarca	25	25	254	Susa	100.0	779	25779
566	CO24	Risaralda	66	66	408	Mistrato	100.0	456	66456
567	CO33	Cundinamarca	25	25	255	Guachetá	92.0	317	25317
568	CO33	Cundinamarca	25	25	255	Fúquene	91.0	288	25288
569	CO36	Boyacá	15	15	133	Viracachá	93.0	879	15879
570	CO37	Caldas	17	17	158	Salamina	100.0	653	17653
571	CO31	Vichada	99	99	520	Cumbaribo	93.0	773	99773
572	CO33	Cundinamarca	25	25	254	Carmen de Carupa	100.0	154	25154
573	CO33	Cundinamarca	25	25	253	Paime	100.0	518	25518
574	CO36	Boyacá	15	15	133	Rondón	90.0	621	15621
575	CO36	Boyacá	15	15	139	Boyacá	90.0	104	15104
576	CO37	Caldas	17	17	163	La Merced	100.0	388	17388
577	CO33	Cundinamarca	25	25	252	La Palma	100.0	394	25394
578	CO11	Chocó	27	27	285	El Cantón del San Pablo	89.0	135	27135
579	CO36	Boyacá	15	15	126	Pajarito	100.0	518	15518
580	CO36	Boyacá	15	15	140	Ventaquemada	100.0	861	15861
581	CO33	Cundinamarca	25	25	241	Guaduas	100.0	320	25320
582	CO33	Cundinamarca	25	25	253	San Cayetano	100.0	653	25653
583	CO33	Cundinamarca	25	25	253	Topaipí	91.0	823	25823
584	CO36	Boyacá	15	15	139	Ramiriquí	93.0	599	15599
585	CO36	Boyacá	15	15	133	Ciénega	91.0	189	15189
586	CO24	Risaralda	66	66	409	Pueblo Rico	100.0	572	66572
587	CO36	Boyacá	15	15	139	Jenesano	100.0	367	15367
588	CO24	Risaralda	66	66	406	Quinchía	92.0	594	66594
589	CO36	Boyacá	15	15	139	Nuevo Colón	94.0	494	15494
590	CO24	Risaralda	66	66	408	Guatica	100.0	318	66318
591	CO11	Chocó	27	27	287	Tadó	85.0	787	27787
592	CO37	Caldas	17	17	164	Filadelfia	100.0	272	17272
593	CO33	Cundinamarca	25	25	247	Ubaté	88.0	843	25843
594	CO32	Casanare	85	85	519	Aguazul	100.0	010	85010
595	CO33	Cundinamarca	25	25	255	Lenguazaque	100.0	407	25407
596	CO36	Boyacá	15	15	139	Tibaná	90.0	804	15804
597	CO32	Casanare	85	85	519	Recetor	100.0	279	85279
598	CO31	Vichada	99	99	520	Chameza	100.0	015	85015
599	CO36	Boyacá	15	15	140	Turmequé	92.0	835	15835
600	CO36	Boyacá	15	15	130	Zetaquirá	93.0	897	15897
601	CO37	Caldas	17	17	164	Aranzazu	100.0	050	17050
602	CO37	Caldas	17	17	158	Marulanda	100.0	446	17446
603	CO33	Cundinamarca	25	25	253	Villagomez	100.0	871	25871
604	CO37	Caldas	17	17	162	Marquetalia	100.0	444	17444
605	CO33	Cundinamarca	25	25	256	Villapinzón	94.0	873	25873
606	CO37	Caldas	17	17	153	Manzanares	100.0	433	17433
607	CO33	Cundinamarca	25	25	253	El Peñón	85.0	258	25258
608	CO28	Tolima	73	73	467	Mariquita	100.0	443	73443
609	CO28	Tolima	73	73	464	Honda	100.0	349	73349
610	CO33	Cundinamarca	25	25	258	Cucunubá	92.0	224	25224
611	CO37	Caldas	17	17	150	Anserma	100.0	042	17042
612	CO28	Tolima	73	73	462	Fresno	100.0	283	73283
613	CO36	Boyacá	15	15	134	San Eduardo	100.0	660	15660
614	CO37	Caldas	17	17	154	Neira	100.0	486	17486
615	CO33	Cundinamarca	25	25	252	La Peña	100.0	398	25398
616	CO33	Cundinamarca	25	25	244	Pacho	100.0	513	25513
617	CO33	Cundinamarca	25	25	258	Sutatausa	100.0	781	25781
618	CO24	Risaralda	66	66	403	Belén de Umbria	96.0	088	66088
619	CO36	Boyacá	15	15	138	Chinavita	100.0	172	15172
620	CO36	Boyacá	15	15	134	Berbeo	100.0	090	15090
621	CO36	Boyacá	15	15	138	Umbita	100.0	842	15842
622	CO33	Cundinamarca	25	25	259	Tausa	100.0	793	25793
623	CO33	Cundinamarca	25	25	251	Utica	100.0	851	25851
624	CO11	Chocó	27	27	290	Condoto	100.0	205	27205
625	CO24	Risaralda	66	66	409	Apía	85.0	045	66045
626	CO33	Cundinamarca	25	25	257	Chocontá	92.0	183	25183
627	CO11	Chocó	27	27	285	Itsmina	100.0	361	27361
628	CO33	Cundinamarca	25	25	258	Suesca	100.0	772	25772
629	CO36	Boyacá	15	15	134	Miraflores	100.0	455	15455
630	CO33	Cundinamarca	25	25	267	Nimaima	100.0	489	25489
631	CO33	Cundinamarca	25	25	267	Vergara	100.0	862	25862
632	CO36	Boyacá	15	15	134	Páez	85.0	514	15514
633	CO32	Casanare	85	85	519	Orocué	90.0	230	85230
634	CO37	Caldas	17	17	165	Risaralda	100.0	616	17616
635	CO36	Boyacá	15	15	138	Pachavita	100.0	511	15511
636	CO36	Boyacá	15	15	136	Garagoa	100.0	299	15299
637	CO28	Tolima	73	73	476	Falan	100.0	270	73270
638	CO33	Cundinamarca	25	25	259	Cogua	100.0	200	25200
639	CO37	Caldas	17	17	148	Manizales	100.0	001	17001
640	CO28	Tolima	73	73	476	Herveo	100.0	347	73347
641	CO31	Vichada	99	99	520	Tauramena	100.0	410	85410
642	CO37	Caldas	17	17	165	San José	92.0	665	17665
643	CO33	Cundinamarca	25	25	249	Zipaquirá	93.0	899	25899
644	CO33	Cundinamarca	25	25	267	Quebradanegra	100.0	592	25592
645	CO28	Tolima	73	73	476	Palocabildo	100.0	520	73520
646	CO33	Cundinamarca	25	25	259	Nemocón	91.0	486	25486
647	CO36	Boyacá	15	15	138	La Capilla	100.0	380	15380
648	CO37	Caldas	17	17	155	Palestina	100.0	524	17524
649	CO37	Caldas	17	17	165	Viterbo	100.0	877	17877
650	CO33	Cundinamarca	25	25	257	Machetá	91.0	426	25426
651	CO28	Tolima	73	73	478	Armero	100.0	055	73055
652	CO33	Cundinamarca	25	25	256	Tibirita	100.0	807	25807
653	CO28	Tolima	73	73	476	Casabianca	100.0	152	73152
654	CO24	Risaralda	66	66	410	Santuario	100.0	687	66687
655	CO33	Cundinamarca	25	25	268	Supatá	90.0	777	25777
656	CO33	Cundinamarca	25	25	271	Nocaima	100.0	491	25491
657	CO36	Boyacá	15	15	134	Campohermoso	100.0	135	15135
658	CO36	Boyacá	15	15	137	Tenza	100.0	798	15798
659	CO33	Cundinamarca	25	25	248	Villeta	100.0	875	25875
660	CO11	Chocó	27	27	290	Novita	100.0	491	27491
661	CO33	Cundinamarca	25	25	260	Sesquilé	92.0	736	25736
662	CO33	Cundinamarca	25	25	269	Subachoque	100.0	769	25769
663	CO37	Caldas	17	17	165	Belalcázar	94.0	088	17088
664	CO37	Caldas	17	17	151	Chinchiná	93.0	174	17174
665	CO32	Casanare	85	85	519	Maní	85.0	139	85139
666	CO24	Risaralda	66	66	410	La Celia	100.0	383	66383
667	CO33	Cundinamarca	25	25	268	La Vega	100.0	402	25402
668	CO36	Boyacá	15	15	137	Guateque	100.0	322	15322
669	CO24	Risaralda	66	66	405	Marsella	100.0	440	66440
670	CO37	Caldas	17	17	161	Villamaría	94.0	873	17873
671	CO33	Cundinamarca	25	25	256	Manta	100.0	436	25436
672	CO28	Tolima	73	73	477	Villahermosa	100.0	870	73870
673	CO36	Boyacá	15	15	136	Macanal	100.0	425	15425
674	CO36	Boyacá	15	15	137	Sutatenza	100.0	778	15778
675	CO33	Cundinamarca	25	25	260	Gachancipá	94.0	295	25295
676	CO33	Cundinamarca	25	25	271	Sasaima	100.0	718	25718
677	CO33	Cundinamarca	25	25	268	San Francisco	100.0	658	25658
678	CO31	Vichada	99	99	520	Monterrey	100.0	162	85162
679	CO33	Cundinamarca	25	25	264	Tocancipá	93.0	817	25817
680	CO24	Risaralda	66	66	410	Balboa	100.0	075	66075
681	CO33	Cundinamarca	25	25	272	Chaguaní	92.0	168	25168
682	CO36	Boyacá	15	15	137	Somondoco	100.0	761	15761
683	CO33	Cundinamarca	25	25	269	Tabio	100.0	785	25785
684	CO11	Chocó	27	27	291	San José del Palmar	96.0	660	27660
685	CO36	Boyacá	15	15	136	Almeida	100.0	022	15022
686	CO33	Cundinamarca	25	25	260	Guatavita	100.0	326	25326
687	CO29	Valle del Cauca	76	76	486	El Aguila	100.0	243	76243
688	CO36	Boyacá	15	15	135	Guayatá	91.0	325	15325
689	CO31	Vichada	99	99	520	Sabanalarga	100.0	300	85300
690	CO33	Cundinamarca	25	25	235	Cajicá	90.0	126	25126
691	CO33	Cundinamarca	25	25	273	San Juan de Rio Seco	100.0	662	25662
692	CO24	Risaralda	66	66	407	Santa Rosa de Cabal	100.0	682	66682
693	CO33	Cundinamarca	25	25	272	Vianí	88.0	867	25867
694	CO33	Cundinamarca	25	25	264	Sopó	85.0	758	25758
695	CO36	Boyacá	15	15	135	San Luis de Gaceno	100.0	667	15667
696	CO28	Tolima	73	73	466	Líbano	90.0	411	73411
697	CO28	Tolima	73	73	465	Lérida	90.0	408	73408
698	CO33	Cundinamarca	25	25	271	Albán	88.0	019	25019
699	CO33	Cundinamarca	25	25	262	Gachetá	91.0	297	25297
700	CO33	Cundinamarca	25	25	271	Guayabal de Síquima	94.0	328	25328
701	CO36	Boyacá	15	15	135	Santa María	94.0	690	15690
702	CO28	Tolima	73	73	478	Ambalema	100.0	030	73030
703	CO24	Risaralda	66	66	405	La Virginia	100.0	400	66400
704	CO33	Cundinamarca	25	25	263	Guasca	100.0	322	25322
705	CO33	Cundinamarca	25	25	269	El Rosal	100.0	260	25260
706	CO36	Boyacá	15	15	135	Chivor	100.0	236	15236
707	CO33	Cundinamarca	25	25	236	Chía	85.0	175	25175
708	CO28	Tolima	73	73	477	Murillo	100.0	461	73461
709	CO24	Risaralda	66	66	402	Pereira	100.0	001	66001
710	CO33	Cundinamarca	25	25	270	Tenjo	100.0	799	25799
711	CO33	Cundinamarca	25	25	272	Bituima	100.0	095	25095
712	CO33	Cundinamarca	25	25	237	Facatativá	94.0	269	25269
713	CO24	Risaralda	66	66	404	Dosquebradas	100.0	170	66170
714	CO33	Cundinamarca	25	25	281	Ubalá	88.0	839	25839
715	CO29	Valle del Cauca	76	76	486	Ansermanuevo	100.0	041	76041
716	CO19	Meta	50	50	340	Puerto Gaitán	95.0	568	50568
717	CO33	Cundinamarca	25	25	242	Madrid	100.0	430	25430
718	CO29	Valle del Cauca	76	76	506	El Cairo	100.0	246	76246
719	CO33	Cundinamarca	25	25	270	Cota	100.0	214	25214
720	CO33	Cundinamarca	25	25	273	Beltrán	91.0	086	25086
721	CO33	Cundinamarca	25	25	274	Anolaima	100.0	040	25040
722	CO34	Bogotá	11	11	088	Bogotá D. C.	80.0	001	11001
723	CO33	Cundinamarca	25	25	262	Junín	88.0	372	25372
724	CO29	Valle del Cauca	76	76	492	Cartago	100.0	147	76147
725	CO11	Chocó	27	27	291	Sipí	85.0	745	27745
726	CO33	Cundinamarca	25	25	263	La Calera	100.0	377	25377
727	CO29	Valle del Cauca	76	76	506	Argelia	100.0	054	76054
728	CO33	Cundinamarca	25	25	275	Zipacón	91.0	898	25898
729	CO28	Tolima	73	73	465	Venadillo	100.0	861	73861
730	CO33	Cundinamarca	25	25	272	Quipile	100.0	596	25596
731	CO28	Tolima	73	73	477	Santa Isabel	100.0	686	73686
732	CO33	Cundinamarca	25	25	238	Funza	100.0	286	25286
733	CO33	Cundinamarca	25	25	281	Gachalá	91.0	293	25293
734	CO33	Cundinamarca	25	25	262	Gama	100.0	299	25299
735	CO33	Cundinamarca	25	25	275	Bojacá	90.0	099	25099
736	CO33	Cundinamarca	25	25	281	Ubalá	88.0	839	25839
737	CO33	Cundinamarca	25	25	273	Pulí	85.0	580	25580
738	CO33	Cundinamarca	25	25	274	Cachipay	100.0	123	25123
739	CO29	Valle del Cauca	76	76	492	Ulloa	100.0	845	76845
740	CO33	Cundinamarca	25	25	275	Tena	100.0	797	25797
741	CO33	Cundinamarca	25	25	281	Paratebueno	100.0	530	25530
742	CO33	Cundinamarca	25	25	243	Mosquera	100.0	473	25473
743	CO28	Tolima	73	73	479	Anzoategui	100.0	043	73043
744	CO29	Valle del Cauca	76	76	506	Versalles	100.0	863	76863
745	CO23	Quindio	63	63	400	Filandia	100.0	272	63272
746	CO31	Vichada	99	99	520	Villanueva	100.0	440	85440
747	CO23	Quindio	63	63	397	Salento	100.0	690	63690
748	CO29	Valle del Cauca	76	76	507	Toro	100.0	823	76823
749	CO28	Tolima	73	73	479	Alvarado	100.0	026	73026
750	CO33	Cundinamarca	25	25	273	La Mesa	100.0	386	25386
751	CO29	Valle del Cauca	76	76	492	Alcalá	90.0	020	76020
752	CO33	Cundinamarca	25	25	261	Fómeque	91.0	279	25279
753	CO19	Meta	50	50	341	Barranca de Upia	100.0	110	50110
754	CO23	Quindio	63	63	397	Circasia	100.0	190	63190
755	CO28	Tolima	73	73	456	Ibagué	90.0	001	73001
756	CO33	Cundinamarca	25	25	261	Choachí	91.0	181	25181
757	CO33	Cundinamarca	25	25	275	San Antonio del Tequendama	100.0	645	25645
758	CO33	Cundinamarca	25	25	273	Jerusalén	93.0	368	25368
759	CO33	Cundinamarca	25	25	281	Medina	100.0	438	25438
760	CO23	Quindio	63	63	400	Quimbaya	100.0	594	63594
761	CO33	Cundinamarca	25	25	246	Soacha	100.0	754	25754
762	CO33	Cundinamarca	25	25	273	Anapoima	100.0	035	25035
763	CO28	Tolima	73	73	479	Piedras	100.0	547	73547
764	CO33	Cundinamarca	25	25	276	Apulo	100.0	599	25599
765	CO29	Valle del Cauca	76	76	507	Obando	100.0	497	76497
766	CO33	Cundinamarca	25	25	277	El Colegio	100.0	245	25245
767	CO33	Cundinamarca	25	25	276	Tocaima	100.0	815	25815
768	CO33	Cundinamarca	25	25	273	Guataquí	92.0	324	25324
769	CO28	Tolima	73	73	474	Cajamarca	100.0	124	73124
770	CO29	Valle del Cauca	76	76	498	La Unión	92.0	400	76400
771	CO23	Quindio	63	63	399	Montenegro	100.0	470	63470
772	CO23	Quindio	63	63	395	Armenia	100.0	001	63001
773	CO29	Valle del Cauca	76	76	508	El Dovio	100.0	250	76250
774	CO29	Valle del Cauca	76	76	498	La Victoria	100.0	403	76403
775	CO33	Cundinamarca	25	25	265	Ubaque	100.0	841	25841
776	CO33	Cundinamarca	25	25	246	Granada	100.0	312	25312
777	CO23	Quindio	63	63	396	Calarcá	91.0	130	63130
778	CO11	Chocó	27	27	291	El Litoral del San Juan	100.0	250	27250
779	CO33	Cundinamarca	25	25	245	Sibate	100.0	740	25740
780	CO19	Meta	50	50	341	San Juanito	100.0	686	50686
781	CO29	Valle del Cauca	76	76	501	Roldanillo	100.0	622	76622
782	CO23	Quindio	63	63	398	La Tebaida	100.0	401	63401
783	CO33	Cundinamarca	25	25	277	Viotá	88.0	878	25878
784	CO33	Cundinamarca	25	25	277	Silvania	100.0	743	25743
785	CO28	Tolima	73	73	479	Coello	100.0	200	73200
786	CO29	Valle del Cauca	76	76	505	Zarzal	100.0	895	76895
787	CO33	Cundinamarca	25	25	265	Chipaque	100.0	178	25178
788	CO29	Valle del Cauca	76	76	502	Sevilla	100.0	736	76736
789	CO19	Meta	50	50	341	El Calvario	100.0	245	50245
790	CO33	Cundinamarca	25	25	265	Caqueza	100.0	151	25151
791	CO33	Cundinamarca	25	25	273	Nariño	100.0	483	25483
792	CO19	Meta	50	50	341	Cabuyaro	100.0	124	50124
793	CO29	Valle del Cauca	76	76	508	Bolívar	91.0	100	76100
794	CO33	Cundinamarca	25	25	240	Girardot	100.0	307	25307
795	CO29	Valle del Cauca	76	76	490	Caicedonia	100.0	122	76122
796	CO23	Quindio	63	63	401	Córdoba	91.0	212	63212
797	CO23	Quindio	63	63	401	Buenavista	100.0	111	63111
798	CO19	Meta	50	50	341	Restrepo	100.0	606	50606
799	CO33	Cundinamarca	25	25	266	Une	100.0	845	25845
800	CO19	Meta	50	50	336	Puerto López	95.0	573	50573
801	CO33	Cundinamarca	25	25	280	Agua de Dios	100.0	001	25001
802	CO33	Cundinamarca	25	25	278	Pasca	100.0	535	25535
803	CO33	Cundinamarca	25	25	239	Fusagasugá	94.0	290	25290
804	CO28	Tolima	73	73	475	Rovira	100.0	624	73624
805	CO33	Cundinamarca	25	25	266	Quetame	100.0	594	25594
806	CO33	Cundinamarca	25	25	277	Tibacuy	100.0	805	25805
807	CO23	Quindio	63	63	401	Pijao	100.0	548	63548
808	CO33	Cundinamarca	25	25	280	Ricaurte	100.0	612	25612
809	CO33	Cundinamarca	25	25	266	Fosca	100.0	281	25281
810	CO33	Cundinamarca	25	25	280	Nilo	100.0	488	25488
811	CO23	Quindio	63	63	401	Génova	90.0	302	63302
812	CO29	Valle del Cauca	76	76	489	Bugalagrande	100.0	113	76113
813	CO28	Tolima	73	73	481	Roncesvalles	100.0	622	73622
814	CO28	Tolima	73	73	480	San Luis	100.0	678	73678
815	CO19	Meta	50	50	333	Villavicencio	100.0	001	50001
816	CO33	Cundinamarca	25	25	266	Gutiérrez	93.0	339	25339
817	CO19	Meta	50	50	341	Cumaral	100.0	226	50226
818	CO28	Tolima	73	73	461	Flandes	100.0	275	73275
819	CO33	Cundinamarca	25	25	278	Arbeláez	92.0	053	25053
820	CO28	Tolima	73	73	480	Valle de San Juan	100.0	854	73854
821	CO29	Valle del Cauca	76	76	509	Trujillo	100.0	828	76828
822	CO28	Tolima	73	73	468	Melgar	100.0	449	73449
823	CO28	Tolima	73	73	482	Icononzo	100.0	352	73352
824	CO33	Cundinamarca	25	25	266	Guayabetal	100.0	335	25335
825	CO28	Tolima	73	73	472	Suárez	90.0	770	73770
826	CO29	Valle del Cauca	76	76	487	Buenaventura	100.0	109	76109
827	CO33	Cundinamarca	25	25	279	Pandi	100.0	524	25524
828	CO28	Tolima	73	73	468	Carmen de Apicalá	96.0	148	73148
829	CO29	Valle del Cauca	76	76	485	Andalucía	93.0	036	76036
830	CO28	Tolima	73	73	460	Espinal	100.0	268	73268
831	CO28	Tolima	73	73	463	Guamo	100.0	319	73319
832	CO19	Meta	50	50	334	Acacias	100.0	006	50006
833	CO33	Cundinamarca	25	25	279	San Bernardo	100.0	649	25649
834	CO29	Valle del Cauca	76	76	509	Riofrío	91.0	616	76616
835	CO29	Valle del Cauca	76	76	503	Tuluá	88.0	834	76834
836	CO29	Valle del Cauca	76	76	510	San Pedro	100.0	670	76670
837	CO28	Tolima	73	73	482	Cunday	100.0	226	73226
838	CO29	Valle del Cauca	76	76	511	Darién (Calima)	75.0	126	76126
839	CO28	Tolima	73	73	470	Ortega	100.0	504	73504
840	CO33	Cundinamarca	25	25	279	Venecia	100.0	506	25506
841	CO28	Tolima	73	73	481	San Antonio	100.0	675	73675
842	CO29	Valle del Cauca	76	76	510	Yotoco	100.0	890	76890
843	CO19	Meta	50	50	343	Guamal	100.0	318	50318
844	CO33	Cundinamarca	25	25	279	Cabrera	100.0	120	25120
845	CO29	Valle del Cauca	76	76	488	Buga	100.0	111	76111
846	CO15	Guaina	97	94	530	Inírida	91.0	001	94001
847	CO28	Tolima	73	73	458	Chaparral	100.0	168	73168
848	CO28	Tolima	73	73	472	Purificación	95.0	585	73585
849	CO19	Meta	50	50	343	San Luis de Cubarral	100.0	223	50223
850	CO19	Meta	50	50	343	San Carlos de Guaroa	100.0	680	50680
851	CO28	Tolima	73	73	482	Villarrica	100.0	873	73873
852	CO28	Tolima	73	73	480	Saldaña	100.0	671	73671
853	CO28	Tolima	73	73	459	Coyaima	100.0	217	73217
854	CO19	Meta	50	50	343	Castilla la Nueva	100.0	150	50150
855	CO29	Valle del Cauca	76	76	493	Dagua	100.0	233	76233
856	CO19	Meta	50	50	340	San Martín	94.0	689	50689
857	CO29	Valle del Cauca	76	76	511	Restrepo	100.0	606	76606
858	CO29	Valle del Cauca	76	76	511	Vijes	100.0	869	76869
859	CO29	Valle del Cauca	76	76	496	Guacari	100.0	318	76318
860	CO28	Tolima	73	73	483	Prado	100.0	563	73563
861	CO29	Valle del Cauca	76	76	496	Ginebra	100.0	306	76306
862	CO16	Huila	41	41	300	Colombia	100.0	206	41206
863	CO29	Valle del Cauca	76	76	493	La Cumbre	100.0	377	76377
864	CO29	Valle del Cauca	76	76	494	El Cerrito	100.0	248	76248
865	CO28	Tolima	73	73	483	Dolores	100.0	236	73236
866	CO15	Guaina	97	94	530	Cacahual	100.0	886	94886
867	CO29	Valle del Cauca	76	76	499	Palmira	100.0	520	76520
868	CO28	Tolima	73	73	473	Rioblanco	100.0	616	73616
869	CO19	Meta	50	50	343	El Dorado	100.0	270	50270
870	CO15	Guaina	97	94	530	Barranco Mina	95.0	343	94343
871	CO28	Tolima	73	73	469	Natagaima	100.0	483	73483
872	CO19	Meta	50	50	337	La Uribe	100.0	370	50370
873	CO19	Meta	50	50	342	Lejanías	92.0	400	50400
874	CO19	Meta	50	50	343	El Castillo	100.0	251	50251
875	CO29	Valle del Cauca	76	76	504	Yumbo	100.0	892	76892
876	CO28	Tolima	73	73	457	Ataco	100.0	067	73067
877	CO19	Meta	50	50	335	Granada	100.0	313	50313
878	CO29	Valle del Cauca	76	76	484	Cali	100.0	001	76001
879	CO19	Meta	50	50	337	Mesetas	100.0	330	50330
880	CO19	Meta	50	50	342	Fuente de Oro	100.0	287	50287
881	CO28	Tolima	73	73	483	Alpujarra	100.0	024	73024
882	CO29	Valle del Cauca	76	76	500	Pradera	100.0	563	76563
883	CO19	Meta	50	50	339	Puerto Lleras	100.0	577	50577
884	CO29	Valle del Cauca	76	76	491	Candelaria	100.0	130	76130
885	CO19	Meta	50	50	339	Mapiripán	93.0	325	50325
886	CO16	Huila	41	41	300	Villavieja	100.0	872	41872
887	CO16	Huila	41	41	301	Aipe	100.0	016	41016
888	CO29	Valle del Cauca	76	76	495	Florida	100.0	275	76275
889	CO28	Tolima	73	73	471	Planadas	100.0	555	73555
890	CO29	Valle del Cauca	76	76	497	Jamundí	91.0	364	76364
891	CO19	Meta	50	50	342	San Juan de Arama	100.0	683	50683
892	CO09	Cauca	19	19	187	Puerto Tejada	100.0	573	19573
893	CO09	Cauca	19	19	194	Miranda	100.0	455	19455
894	CO16	Huila	41	41	300	Baraya	100.0	078	41078
895	CO09	Cauca	19	19	179	Padilla	100.0	513	19513
896	CO09	Cauca	19	19	184	Páez	89.0	418	19418
897	CO16	Huila	41	41	294	Neiva	100.0	001	41001
898	CO09	Cauca	19	19	179	Caloto	100.0	142	19142
899	CO09	Cauca	19	19	194	Corinto	100.0	212	19212
900	CO19	Meta	50	50	338	Vista Hermosa	95.0	711	50711
901	CO16	Huila	41	41	301	Tello	100.0	799	41799
902	CO09	Cauca	19	19	188	Santander de Quilichao	100.0	698	19698
903	CO19	Meta	50	50	338	Puerto Rico	100.0	590	50590
904	CO09	Cauca	19	19	193	Buenos Aires	100.0	110	19110
905	CO09	Cauca	19	19	195	Toribío	91.0	821	19821
906	CO15	Guaina	97	94	530	Puerto Colombia	100.0	884	94884
907	CO16	Huila	41	41	302	Santa María	94.0	676	41676
908	CO09	Cauca	19	19	192	Timbiquí	92.0	809	19809
909	CO16	Huila	41	41	302	Palermo	100.0	524	41524
910	CO09	Cauca	19	19	190	Suárez	90.0	780	19780
911	CO09	Cauca	19	19	193	López	74.0	517	19517
912	CO16	Huila	41	41	304	Teruel	100.0	801	41801
913	CO09	Cauca	19	19	195	Jambaló	91.0	364	19364
914	CO09	Cauca	19	19	178	Caldono	100.0	137	19137
915	CO09	Cauca	19	19	192	Timbiquí	92.0	809	19809
916	CO08	Caquetá	18	18	169	San Vicente del Caguán	97.0	753	18753
917	CO09	Cauca	19	19	183	Morales	100.0	473	19473
918	CO16	Huila	41	41	304	Iquira	100.0	357	41357
919	CO16	Huila	41	41	303	Rivera	100.0	615	41615
920	CO14	Guaviare	95	95	531	San José del Guaviare	97.0	001	95001
921	CO09	Cauca	19	19	180	El Tambo	100.0	256	19256
922	CO19	Meta	50	50	339	Puerto Concordia	100.0	450	50450
923	CO09	Cauca	19	19	186	Piendamó	92.0	548	19548
924	CO09	Cauca	19	19	189	Silvia	100.0	743	19743
925	CO09	Cauca	19	19	177	Cajibío	91.0	130	19130
926	CO16	Huila	41	41	305	Nataga	100.0	483	41483
927	CO16	Huila	41	41	295	Campoalegre	100.0	132	41132
928	CO09	Cauca	19	19	181	Guapi	100.0	318	19318
929	CO16	Huila	41	41	304	Yaguará	91.0	885	41885
930	CO16	Huila	41	41	303	Algeciras	100.0	020	41020
931	CO16	Huila	41	41	305	Tesalia	100.0	797	41797
932	CO20	Nariño	52	52	357	Santa Bárbara	95.0	696	52696
933	CO09	Cauca	19	19	196	Inzá	85.0	355	19355
934	CO19	Meta	50	50	337	La Macarena	100.0	350	50350
935	CO20	Nariño	52	52	357	El Charco	100.0	250	52250
936	CO16	Huila	41	41	304	Hobo	100.0	349	41349
937	CO09	Cauca	19	19	196	Totoró	90.0	824	19824
938	CO20	Nariño	52	52	356	Mosquera	100.0	473	52473
939	CO20	Nariño	52	52	351	La Tola	100.0	390	52390
940	CO09	Cauca	19	19	175	Popayán	91.0	001	19001
941	CO16	Huila	41	41	305	Gigante	100.0	306	41306
942	CO16	Huila	41	41	297	La Plata	100.0	396	41396
943	CO15	Guaina	97	94	530	San Felipe	100.0	883	94883
944	CO20	Nariño	52	52	351	Olaya Herrera	95.0	490	52490
945	CO09	Cauca	19	19	191	Timbío	90.0	807	19807
946	CO16	Huila	41	41	306	Paicol	100.0	518	41518
947	CO20	Nariño	52	52	356	Francisco Pizarro	100.0	520	52520
948	CO09	Cauca	19	19	197	Sotará	90.0	760	19760
949	CO09	Cauca	19	19	196	Puracé	90.0	585	19585
950	CO09	Cauca	19	19	198	Argelia	100.0	050	19050
951	CO16	Huila	41	41	306	Agrado	100.0	013	41013
952	CO08	Caquetá	18	18	168	Puerto Rico	100.0	592	18592
953	CO09	Cauca	19	19	185	Patía	88.0	532	19532
954	CO15	Guaina	97	94	530	Pana Pana	100.0	887	94887
955	CO16	Huila	41	41	306	Pital	100.0	548	41548
956	CO09	Cauca	19	19	197	Rosas	100.0	622	19622
957	CO16	Huila	41	41	296	Garzón	90.0	298	41298
958	CO20	Nariño	52	52	356	Roberto Payán	95.0	621	52621
959	CO09	Cauca	19	19	197	La Sierra	100.0	392	19392
960	CO08	Caquetá	18	18	167	El Doncello	100.0	247	18247
961	CO14	Guaviare	95	95	533	El Retorno	100.0	025	95025
962	CO16	Huila	41	41	307	La Argentina	100.0	378	41378
963	CO09	Cauca	19	19	198	Balboa	100.0	075	19075
964	CO16	Huila	41	41	307	Tarqui	100.0	791	41791
965	CO20	Nariño	52	52	356	Maguí	88.0	427	52427
966	CO16	Huila	41	41	309	Oporapa	100.0	503	41503
967	CO20	Nariño	52	52	358	Leiva	100.0	405	52405
968	CO09	Cauca	19	19	182	La Vega	100.0	397	19397
969	CO08	Caquetá	18	18	166	Florencia	100.0	001	18001
970	CO16	Huila	41	41	309	Saladoblanco	100.0	660	41660
971	CO16	Huila	41	41	308	Guadalupe	100.0	319	41319
972	CO16	Huila	41	41	299	San Agustín	94.0	668	41668
973	CO16	Huila	41	41	306	Altamira	100.0	026	41026
974	CO16	Huila	41	41	309	Isnos	100.0	359	41359
975	CO20	Nariño	52	52	354	Tumaco	100.0	835	52835
976	CO09	Cauca	19	19	176	Bolívar	91.0	100	19100
977	CO16	Huila	41	41	309	Elías	88.0	244	41244
978	CO30	Vaupés	97	97	532	Papunahua	93.0	777	97777
979	CO16	Huila	41	41	308	Suaza	100.0	770	41770
980	CO09	Cauca	19	19	200	San Sebastián	95.0	693	19693
981	CO16	Huila	41	41	308	Timaná	90.0	807	41807
982	CO09	Cauca	19	19	182	Almaguer	100.0	022	19022
983	CO14	Guaviare	95	95	533	Calamar	100.0	015	95015
984	CO09	Cauca	19	19	199	Mercaderes	100.0	450	19450
985	CO16	Huila	41	41	298	Pitalito	100.0	551	41551
986	CO20	Nariño	52	52	359	Policarpa	100.0	540	52540
987	CO09	Cauca	19	19	200	Santa Rosa	100.0	701	19701
988	CO20	Nariño	52	52	358	El Rosario	100.0	256	52256
989	CO16	Huila	41	41	310	Acevedo	100.0	006	41006
990	CO08	Caquetá	18	18	174	El Paujíl	93.0	256	18256
991	CO14	Guaviare	95	95	533	Miraflores	100.0	200	95200
992	CO16	Huila	41	41	310	Palestina	100.0	530	41530
993	CO08	Caquetá	18	18	174	La Montañita	100.0	410	18410
994	CO20	Nariño	52	52	359	Cumbitara	100.0	233	52233
995	CO20	Nariño	52	52	345	Barbacoas	100.0	079	52079
996	CO08	Caquetá	18	18	172	Belén de los Andaquies	97.0	094	18094
997	CO09	Cauca	19	19	199	Florencia	100.0	290	19290
998	CO20	Nariño	52	52	359	Los Andes	100.0	418	52418
999	CO20	Nariño	52	52	374	San Pablo	100.0	693	52693
1000	CO30	Vaupés	97	97	532	Caruru	100.0	161	97161
1001	CO20	Nariño	52	52	372	Taminango	100.0	786	52786
1002	CO20	Nariño	52	52	373	Colón	88.0	203	52203
1003	CO20	Nariño	52	52	350	La Unión	92.0	399	52399
1004	CO20	Nariño	52	52	371	San Lorenzo	100.0	687	52687
1005	CO15	Guaina	97	94	530	La Guadalupe	100.0	885	94885
1006	CO30	Vaupés	97	97	532	Mitú	85.0	001	97001
1007	CO20	Nariño	52	52	374	La Cruz	100.0	378	52378
1008	CO20	Nariño	52	52	373	Belén	88.0	083	52083
1009	CO08	Caquetá	18	18	172	Morelia	100.0	479	18479
1010	CO20	Nariño	52	52	360	La Llanada	100.0	385	52385
1011	CO20	Nariño	52	52	371	San Pedro de Cartago	100.0	694	52694
1012	CO20	Nariño	52	52	373	San Bernardo	100.0	685	52685
1013	CO20	Nariño	52	52	375	Albán	88.0	019	52019
1014	CO20	Nariño	52	52	370	Arboleda	100.0	051	52051
1015	CO20	Nariño	52	52	352	Samaniego	100.0	678	52678
1016	CO09	Cauca	19	19	200	Piamonte	100.0	533	19533
1017	CO20	Nariño	52	52	347	El Tambo	100.0	260	52260
1018	CO08	Caquetá	18	18	171	San José de la Fragua	91.0	610	18610
1019	CO20	Nariño	52	52	372	Chachagüí	87.0	240	52240
1020	CO20	Nariño	52	52	375	El Tablón	93.0	258	52258
1021	CO20	Nariño	52	52	360	Linares	100.0	411	52411
1022	CO20	Nariño	52	52	361	Ricaurte	100.0	612	52612
1023	CO20	Nariño	52	52	370	Buesaco	100.0	110	52110
1024	CO20	Nariño	52	52	362	Santacruz	94.0	699	52699
1025	CO20	Nariño	52	52	367	La Florida	100.0	381	52381
1026	CO08	Caquetá	18	18	167	Cartagena del Chairá	96.0	150	18150
1027	CO22	Putumayo	86	86	521	Mocoa	100.0	001	86001
1028	CO20	Nariño	52	52	353	Sandoná	91.0	683	52683
1029	CO08	Caquetá	18	18	170	Valparaiso	100.0	860	18860
1030	CO08	Caquetá	18	18	173	Milán	88.0	460	18460
1031	CO08	Caquetá	18	18	172	Albania	100.0	029	18029
1032	CO20	Nariño	52	52	344	Pasto	100.0	001	52001
1033	CO20	Nariño	52	52	362	Providencia	100.0	565	52565
1034	CO20	Nariño	52	52	361	Mallama	100.0	435	52435
1035	CO20	Nariño	52	52	367	Ancuyá	90.0	036	52036
1036	CO22	Putumayo	86	86	525	San Francisco	100.0	755	86755
1037	CO20	Nariño	52	52	355	Túquerres	93.0	838	52838
1038	CO20	Nariño	52	52	367	Consaca	100.0	207	52207
1039	CO22	Putumayo	86	86	525	Sibundoy	100.0	749	86749
1040	CO20	Nariño	52	52	348	Guaitarilla	100.0	320	52320
1041	CO08	Caquetá	18	18	171	Currillo	92.0	205	18205
1042	CO20	Nariño	52	52	366	Yacuanquer	100.0	885	52885
1043	CO22	Putumayo	86	86	525	Colón	88.0	219	86219
1044	CO08	Caquetá	18	18	173	Solano	100.0	756	18756
1045	CO20	Nariño	52	52	366	Tangua	100.0	788	52788
1046	CO22	Putumayo	86	86	525	Santiago	100.0	760	86760
1047	CO20	Nariño	52	52	365	Imués	88.0	354	52354
1048	CO20	Nariño	52	52	362	Sapuyés	91.0	720	52720
1049	CO20	Nariño	52	52	368	Funes	100.0	287	52287
1050	CO08	Caquetá	18	18	170	Solita	100.0	785	18785
1051	CO20	Nariño	52	52	346	Cumbal	100.0	227	52227
1052	CO20	Nariño	52	52	365	Ospina	100.0	506	52506
1053	CO22	Putumayo	86	86	526	Villagarzón	94.0	885	86885
1054	CO30	Vaupés	97	97	532	Yavaraté	92.0	889	97889
1055	CO20	Nariño	52	52	363	Guachucal	100.0	317	52317
1056	CO22	Putumayo	86	86	527	Puerto Guzmán	95.0	571	86571
1057	CO20	Nariño	52	52	365	Iles	100.0	352	52352
1058	CO20	Nariño	52	52	364	Pupiales	100.0	585	52585
1059	CO20	Nariño	52	52	364	Gualmatán	93.0	323	52323
1060	CO22	Putumayo	86	86	522	Orito	100.0	320	86320
1061	CO20	Nariño	52	52	363	Aldana	100.0	022	52022
1062	CO20	Nariño	52	52	364	Contadero	100.0	210	52210
1063	CO20	Nariño	52	52	368	Puerres	100.0	573	52573
1064	CO20	Nariño	52	52	363	Cuaspud	100.0	224	52224
1065	CO20	Nariño	52	52	369	Córdoba	91.0	215	52215
1066	CO20	Nariño	52	52	349	Ipiales	100.0	356	52356
1067	CO20	Nariño	52	52	369	Potosí	90.0	560	52560
1068	CO30	Vaupés	97	97	532	Pacoa	100.0	511	97511
1069	CO22	Putumayo	86	86	526	Puerto Caicedo	100.0	569	86569
1070	CO22	Putumayo	86	86	527	Puerto Leguízamo	96.0	573	86573
1071	CO22	Putumayo	86	86	523	Puerto Asis	100.0	568	86568
1072	CO22	Putumayo	86	86	524	Valle del Guamuéz	96.0	865	86865
1073	CO22	Putumayo	86	86	524	San Miguel	100.0	757	86757
1074	CO01	Amazonas	91	91	529	Mirití-Paraná	91.0	460	91460
1075	CO30	Vaupés	97	97	532	Taraira	100.0	666	97666
1076	CO01	Amazonas	91	91	529	Puerto Santander	100.0	669	91669
1077	CO01	Amazonas	91	91	529	La Chorrera	100.0	405	91405
1078	CO01	Amazonas	91	91	529	La Pedrera	100.0	407	91407
1079	CO01	Amazonas	91	91	529	El Encanto	100.0	263	91263
1080	CO01	Amazonas	91	91	529	Tarapacáá	92.0	798	91798
1081	CO01	Amazonas	91	91	529	Leticia	100.0	001	91001
1082	CO01	Amazonas	91	91	529	Puerto Nariño	100.0	540	91540
1083	CO27	Sucre	70	70	443	El Roble	100.0	233	70233
1084	CO17	La Guajira	44	44	318	La Jagua del Pilar	100.0	420	44420
1085	CO17	La Guajira	44	44	314	Albania	100.0	035	44035
1086	CO38	Magdalena	47	47	322	Zona Bananera	100.0	980	47980
1087	CO38	Magdalena	47	47	324	Algarrobo	100.0	030	47030
1088	CO38	Magdalena	47	47	330	Concordia	100.0	205	47205
1089	CO38	Magdalena	47	47	329	Zapayán	91.0	960	47960
1090	CO35	Bolívar	13	13	109	Arroyohondo	100.0	062	13062
1091	CO38	Magdalena	47	47	326	Sabanas de San Angel	100.0	660	47660
1092	CO38	Magdalena	47	47	326	Nueva Granada	100.0	460	47460
1093	CO38	Magdalena	47	47	326	Santa Bárbara de Pinto	97.0	720	47720
1095	CO15	Guaina	97	94	530	Morichal	100.0	888	94888
1097	CO01	Amazonas	91	91	529	Puerto Arica	100.0	536	91536
1099	CO20	Nariño	52	52	347	El Peñol	100.0	254	52254
1100	CO20	Nariño	52	52	344	Nariño	100.0	480	52480
1101	CO09	Cauca	19	19	176	Sucre	100.0	785	19785
1102	CO09	Cauca	19	19	188	Villa Rica	100.0	845	19845
1103	CO27	Sucre	70	70	452	Tolú	85.0	820	70820
1104	CO27	Sucre	70	70	452	Coveñas	100.0	221	70221
1105	CO37	Caldas	17	17	152	La Dorada	100.0	380	17380
1106	CO37	Caldas	17	17	159	Norcasia	100.0	495	17495
1107	CO37	Caldas	17	17	159	Samaná	90.0	662	17662
1108	CO11	Chocó	27	27	282	Medio Atrato	100.0	425	27425
1109	CO11	Chocó	27	27	282	Atrato	100.0	050	27050
1110	CO11	Chocó	27	27	282	Río Quito	93.0	600	27600
1111	CO11	Chocó	27	27	287	Cértegui	92.0	160	27160
1112	CO11	Chocó	27	27	285	Unión Panamericana	96.0	810	27810
1113	CO11	Chocó	27	27	283	Medio Baudó	94.0	430	27430
1114	CO11	Chocó	27	27	287	Río Iro	91.0	580	27580
1115	CO11	Chocó	27	27	285	Medio San Juan	100.0	450	27450
1116	CO11	Chocó	27	27	286	Belén de Bajirá	92.0	086	27086
1117	CO02	Antioquia	05	05	017	Mutata	100.0	480	05480
1118	CO11	Chocó	27	27	286	Carmen del Darien	100.0	150	27150
1119	CO25	San Andrés	88	88	528	San Andrés	94.0	001	88001
1121	CO25	San Andrés	88	88	528	Providencia	100.0	564	88564
